{"current":{"heading_color":"#000000","text_color":"#606060","accent_color":"#c79a65","link_color":"#e0b074","border_color":"#e1e3e4","background":"#f3f5f6","secondary_background":"#ffffff","error_color":"#ff0000","success_color":"#00aa00","primary_button_background":"#c79a65","primary_button_text_color":"#ffffff","secondary_button_background":"#ff53b0","secondary_button_text_color":"#ffffff","header_background":"#161618","header_text_color":"#ffffff","header_light_text_color":"#e0b074","header_accent_color":"#c79a65","product_on_sale_accent":"#e0b074","product_in_stock_color":"#008a00","product_low_stock_color":"#ee0000","product_sold_out_color":"#8a9297","product_label_1_background":"#008a00","product_label_2_background":"#00a500","product_star_color":"#ffbd00","base_text_font_size":16,"heading_font":"barlow_n6","text_font":"din_next_n4","underline_links":true,"animation_image_zoom":true,"search_mode":"product,article","show_vendor":true,"show_secondary_image":true,"show_discount":true,"discount_mode":"saving","product_price_position":"after_title","product_image_size":"natural","show_color_swatch":false,"show_inventory_quantity":false,"low_inventory_threshold":0,"show_reviews_badge":false,"cart_type":"drawer","cart_empty_button_link":"shopify:\/\/collections\/all","cart_show_free_shipping_threshold":false,"cart_free_shipping_threshold":"50","social_facebook":"","social_twitter":"","social_pinterest":"","social_instagram":"https:\/\/www.instagram.com\/seduzyshop\/","social_vimeo":"","social_tumblr":"","social_youtube":"","social_linkedin":"","social_snapchat":"","social_fancy":"","favicon":"shopify:\/\/shop_images\/Design_sem_nome_4.png","show_installments":true,"max_installments":12,"show_installment_table":false,"interest_1x":"","interest_2x":"","interest_3x":"","interest_4x":"","interest_5x":"","interest_6x":"","interest_7x":"","interest_8x":"","interest_9x":"","interest_10x":"","interest_11x":"","interest_12x":"","share_image":"","social_google_plus":"","checkout_header_image":"","checkout_logo_image":"","checkout_logo_position":"left","checkout_logo_size":"medium","checkout_body_background_image":"","checkout_body_background_color":"#fff","checkout_input_background_color_mode":"white","checkout_sidebar_background_image":"","checkout_sidebar_background_color":"#fafafa","checkout_heading_font":"-apple-system, BlinkMacSystemFont, 'Segoe UI', Roboto, Helvetica, Arial, sans-serif, 'Apple Color Emoji', 'Segoe UI Emoji', 'Segoe UI Symbol'","checkout_body_font":"-apple-system, BlinkMacSystemFont, 'Segoe UI', Roboto, Helvetica, Arial, sans-serif, 'Apple Color Emoji', 'Segoe UI Emoji', 'Segoe UI Symbol'","checkout_accent_color":"#00badb","checkout_button_color":"#00badb","checkout_error_color":"#ff0000","sections":{"header":{"type":"header","settings":{"enable_sticky_header":true,"logo":"shopify:\/\/shop_images\/Sem_nome_300_x_100_px.png","logo_max_width":220,"mobile_logo_max_width":155,"show_locale_selector":true,"show_currency_selector":true,"navigation_menu":"main-menu","desktop_navigation_layout":"inline","desktop_navigation_open_trigger":"hover","show_navigation_social_media":true,"navigation_phone_number":"Whatsapp: (61) 99517-2577","navigation_email":"contato.seduzy@gmail.com","show_condensed_search":true,"show_search_filter":true,"search_menu":"","show_search_menu_title":true}},"footer":{"type":"footer","blocks":{"footer-0":{"type":"text","settings":{"title":"Seduzy","content":"<p>Loja de produtos sensuais para elevar o prazer e promover liberdade íntima.<br\/>🔞 <em><strong>Venda proibida para menores de 18 anos.<\/strong><\/em><\/p>"}},"text_X4UieL":{"type":"text","settings":{"title":"Atendimento ao cliente","content":"<p><strong>Whatsapp:<\/strong> (61) 99517-2577<br\/><strong>E-mail:<\/strong> contato.seduzy@gmail.com<br\/><strong>Horário de Atendimento:<\/strong> Segunda a Sexta, das 9h às 18h<br\/><strong>Responsável:<\/strong> Karen Rillary Flaviana de Sousa<br\/><strong>CPF:<\/strong> 057.870.551-60<br\/><strong>Endereço:<\/strong> QS 01 R. 212 LT 19 23 SALA 915, Brasília - DF, CEP 71950-550<\/p>"}},"footer-1":{"type":"links","settings":{"menu":"footer"}},"links_Ggnj6e":{"type":"links","settings":{"menu":"main-menu"}}},"block_order":["footer-0","text_X4UieL","footer-1","links_Ggnj6e"],"settings":{"show_social_media":true,"show_payment_icons":true,"show_seals_title":true,"seals_title":"Segurança","seal_height":60,"seal_payment_image":"shopify:\/\/shop_images\/mercado-pago-logo.png","seal_payment_alt":"Formas de Pagamento","seal_payment_link":"","seal_secure_image":"shopify:\/\/shop_images\/site_seguro.webp","seal_secure_alt":"Site Seguro","seal_secure_link":"","show_locale_selector":true,"show_currency_selector":true,"show_cookie_bar":true,"text":"<p>Ei! Usamos cookies para tornar sua navegação mais suave e segura. Fique tranquilo(a), seus dados estão protegidos! <\/p>","accept_button":"Ok, Entendi!"}},"slideshow":{"type":"slideshow","blocks":{"slide-0":{"type":"image","settings":{"image":"shopify:\/\/shop_images\/Para_quem_nao_apenas_deseja_mas_domina..png","mobile_image":"shopify:\/\/shop_images\/Para_quem_nao_apenas_deseja_mas_domina._800_x_1000_px.png","show_overlay":false,"overlay_opacity":30,"text_color":"#ffffff","title":"","content":"","content_position":"bottomLeft","button_background":"#ffffff","button_text_color":"#000000","button_text":"Button","link":""}}},"block_order":["slide-0"],"settings":{"edge_to_edge":true,"section_size":"preserve_ratio","carousel_effect":"fade","autoplay":true,"cycle_speed":5}},"collection-list":{"type":"collection-list","blocks":{"collection-0":{"type":"collection","settings":{"collection":"vibrador"}},"collection-1":{"type":"collection","settings":{"collection":"vibradores-e-sugadores"}},"collection-2":{"type":"collection","settings":{"collection":"sugadores-de-clitoris"}},"collection-3":{"type":"collection","settings":{"collection":"dildo-e-consolos"}},"collection-4":{"type":"collection","settings":{"collection":"masturbadores-e-bombas-penianas"}},"collection-5":{"type":"collection","settings":{"collection":"uso-anal"}}},"block_order":["collection-0","collection-1","collection-2","collection-3","collection-4","collection-5"],"settings":{"title":"O que você está procurando?","link_title":"Ver todos","link":"shopify:\/\/collections","round_images":true,"show_collection_title":true}},"featured-product":{"type":"featured-product","settings":{"product":"","title":"Featured product","link_title":"View details","link_url":"","show_vendor":true,"show_sku":false,"show_share_buttons":true,"show_description":true,"description_below_add_to_cart":false,"selector_mode":"block","color_mode":"color","show_quantity_selector":true,"show_reviews_badge":false,"show_payment_button":true,"image_size":"small","enable_image_zoom":true,"enable_video_looping":false,"zoom_effect":"outside","carousel_effect":"fade","show_inventory_quantity":false,"low_inventory_threshold":0}},"collection-template":{"type":"collection-template","settings":{"show_collection_image":true,"collapse_collection_description":false,"collection_image_size":"small","products_per_row":"4","default_products_per_page":24,"default_view_layout":"grid","show_quick_buy":"list","show_quick_view":"list","quick_links":"","quick_links_show_products_count":true,"show_filters":true,"show_filter_color_swatch":true,"filter_type":"tag","open_group_filters_mode":"all_closed","filter_group_order":""}},"recently-viewed-products":{"type":"recently-viewed-products","settings":{"title":"Recently viewed"}},"product-template":{"type":"product-template","settings":{"show_vendor":false,"show_sku":false,"show_share_buttons":false,"show_taxes_included":false,"selector_mode":"block","color_mode":"block","show_quantity_selector":false,"show_payment_button":false,"image_size":"large","enable_image_zoom":true,"enable_video_looping":false,"zoom_effect":"outside","carousel_effect":"fade","show_inventory_quantity":false,"low_inventory_threshold":0,"content_display_mode":"collapse_all_except_description","tab_page_1_handle":"","tab_page_2_handle":"","tab_page_3_handle":"","enable_reviews":false,"show_reviews_badge":false,"trust_title":"Pagamento Seguro","show_payment_icons":true,"show_shipping_estimator":false,"shipping_estimator_default_country":"United States","show_refunds_policy":true,"show_bundle":true,"bundle_mode":"mixed","bundle_tag":"","bundle_products_count":2,"bundle_title":"LEVE MAIS, PAGANDO MENOS","bundle_price_label":"Preço total","bundle_button_text":"LEVAR NA PROMO 😍","bundle_button_color":"#17c000","bundle_price_color":"#2eb82e","bundle_product_1":"","bundle_product_2":"","bundle_product_3":"","bundle_product_4":""}},"product-recommendations":{"type":"product-recommendations","settings":{"show_product_recommendations":true,"heading":"Outros produtos para você...","show_quick_buy":false}},"announcement-bar":{"type":"announcement-bar","settings":{"show_announcement":false,"background":"#1e2d7d","text_color":"#ffffff","text":"Announce something here","text_position":"center","link":"","show_newsletter":false,"newsletter_button":"Subscribe & Save","newsletter_title":"Newsletter","newsletter_content":"<p>A short sentence describing what someone will receive by subscribing<\/p>"}},"1542984811767":{"type":"featured-collection","settings":{"collection":"vibrador","title":"Mais Vendidos","products_count":12,"layout":"vertical","stack_desktop":false,"show_quick_buy":false,"link_title":"Ver Todos","link_url":""}},"1542984882560":{"type":"blog-posts","settings":{"blog":"news","title":"Conheça nosso Blog...","link_title":"Ver Todos","show_category":true,"show_author":true,"show_date":true,"show_excerpt":false,"stack_mobile":false}},"popups":{"type":"popups","settings":{}},"text-with-icons":{"type":"text-with-icons","blocks":{"text-with-icons-0":{"type":"item","settings":{"icon":"bi-delivery","title":"Frete grátis em seus pedidos","content":"<p>Aproveite e receba seu pedido com frete totalmente por nossa conta.<\/p><p><\/p>"}},"text-with-icons-1":{"type":"item","settings":{"icon":"bi-returns","title":"Entrega garantida","content":"<p>Receba seu produto ou tenha seu dinheiro devolvido!<\/p><p><\/p>"}},"text-with-icons-2":{"type":"item","settings":{"icon":"bi-customer-support","title":"Suporte de primeira linha","content":"<p>Tire suas dúvidas diretamente pelo WhatsApp!<\/p><p><\/p>"}},"text-with-icons-3":{"type":"item","settings":{"icon":"bi-secure-payment","title":"Compra segura","content":"<p>Compre e receba na sua casa ou tenha seu dinheiro de volta.<\/p>"}}},"block_order":["text-with-icons-0","text-with-icons-1","text-with-icons-2","text-with-icons-3"],"settings":{"show_section":true,"stack_mobile":false}},"static-promotion-list":{"type":"static-promotion-list","settings":{"expand_items":false,"section_size":"medium","stack_mobile":false}},"static-recently-viewed-products":{"type":"static-recently-viewed-products","settings":{"show_section":false,"title":"Recently viewed","show_quick_buy":false}},"list-collections-template":{"type":"list-collections-template","settings":{"collections_to_show":"all","show_collection_title":true,"show_collection_overlay":true,"collection_overlay_opacity":50}},"minimal-header":{"type":"minimal-header","settings":{"logo":"shopify:\/\/shop_images\/Sem_nome_300_x_100_px.png","logo_max_width":140,"mobile_logo_max_width":100}},"gift-card-template":{"type":"gift-card-template","settings":{}},"cart-template":{"type":"cart-template","custom_css":[],"settings":{"enable_order_notes":false,"show_payment_icons":true,"gift_wrap_product":"","gift_wrap_text":"Do you want a gift wrap?","gift_wrap_button":"Add a gift wrap","show_shipping_estimator":false,"shipping_estimator_default_country":"United States","trust_heading":"Our guarantees","upsell_heading":"Adicione a sua compra..","upsell_collection":"uso-anal","upsell_products_count":4}},"page-faq-template":{"type":"page-faq-template","blocks":{"page-faq-template-0":{"type":"separator","settings":{"title":"Shipping"}},"page-faq-template-1":{"type":"question","settings":{"title":"Do you ship overseas?","answer":"<p>Yes, we ship all over the world. Shipping costs will apply, and will be added at checkout. We run discounts and promotions all year, so stay tuned for exclusive deals.<\/p>"}},"page-faq-template-2":{"type":"question","settings":{"title":"How long will it take to get my order?","answer":"<p>It depends on where you are. Orders processed here will take 5-7 business days to arrive. Overseas deliveries can take anywhere from 7-16 days. Delivery details will be provided in your confirmation email.<\/p>"}},"page-faq-template-3":{"type":"question","settings":{"title":"What shipping carriers do you use?","answer":"<p>We use all major carriers, and local courier partners. You’ll be asked to select a delivery method during checkout.<\/p>"}},"page-faq-template-4":{"type":"separator","settings":{"title":"Product"}},"page-faq-template-5":{"type":"question","settings":{"title":"Can I return my product?","answer":"<p>We always aim for make sure our customers love our products, but if you do need to return an order, we’re happy to help. Just email us directly and we’ll take you through the process.<\/p>"}},"page-faq-template-6":{"type":"question","settings":{"title":"Can I get my product personalized?","answer":"<p>It depends on the creator and the product. All options are outlined on the product page, so look out for customization options there.<\/p>"}},"page-faq-template-7":{"type":"separator","settings":{"title":"Other"}},"page-faq-template-8":{"type":"question","settings":{"title":"Any question?","answer":"<p>You can contact us through our contact page! We will be happy to assist you.<\/p>"}}},"block_order":["page-faq-template-0","page-faq-template-1","page-faq-template-2","page-faq-template-3","page-faq-template-4","page-faq-template-5","page-faq-template-6","page-faq-template-7","page-faq-template-8"],"settings":{"show_contact_info":true,"contact_info_heading":"Any question?","contact_info_text":"<p>If we still haven't answered your question, you can contact us below and we will get back to you as soon as possible.<\/p>","contact_1_icon":"bi-phone","contact_1_heading":"Customer support","contact_1_text":"<p>Enter your text here<\/p>","contact_2_icon":"bi-email","contact_2_heading":"Send a message","contact_2_text":"<p>Enter your text here<\/p>"}},"static-newsletter":{"type":"static-newsletter","settings":{"show_section":false,"title":"Subscribe to our newsletter","content":"<p>A short sentence describing what someone will receive by subscribing<\/p>","subtext":"100% free, Unsubscribe any time!","background":"#1e2d7d","text":"#ffffff"}},"blog-template":{"type":"blog-template","settings":{"articles_per_page":12,"highlight_first_article":true,"show_tags":false,"show_category":true,"show_author":false,"show_date":true,"show_excerpt":true}},"search-template":{"type":"search-template","settings":{"products_per_row":"4","default_view_layout":"grid","show_quick_view":"list","show_quick_buy":"list","quick_links":""}},"password-template":{"type":"password-template","settings":{"show_social_media":true,"heading":"Opening Soon","text":"<p>A content describing what your store will sell.<\/p>","show_newsletter_signup":true,"newsletter_text":"<p>A short sentence describing what someone will receive by subscribing.<\/p>"}},"blog-sidebar":{"type":"blog-sidebar","blocks":{"blog-sidebar-0":{"type":"newsletter","disabled":true,"settings":{"title":"Join Us","content":"<p>A short sentence describing what someone will receive by subscribing<\/p>","subtext":"100% free, Unsubscribe any time!","background":"#1e2d7d","text":"#ffffff"}},"blog-sidebar-1":{"type":"social_media","settings":{"title":"Não deixe de seguir...","show_rss":true}}},"block_order":["blog-sidebar-0","blog-sidebar-1"],"settings":{"show_on_mobile":true}},"article-template":{"type":"article-template","settings":{"show_category":true,"show_author":true,"show_date":true,"show_share_buttons":true,"show_tags":false,"show_gravatar":true,"ad_top_enable":false,"ad_top_code":"<div class=\"ad-container-custom\">\n  <a class=\"link-imagem-ad\" href=\"https:\/\/www.instagram.com\/seduzyshop\" target=\"_blank\">\n    <img src=\"https:\/\/cdn.shopify.com\/s\/files\/1\/0978\/1949\/2644\/files\/Inserir_um_subtitulo.png?v=1765336546\" alt=\"#\" class=\"imagem-responsiva-ad\" loading=\"lazy\">\n  <\/a>\n<\/div>\n\n<style>\n  \/* Container para garantir centralização se necessário *\/\n  .ad-container-custom {\n    width: 100%;\n    display: block;\n  }\n\n  \/* Responsividade da imagem ajustada *\/\n  .imagem-responsiva-ad {\n    width: 100%;\n    height: auto; \/* Mantém a proporção correta da imagem (1200x628) *\/\n    max-width: 100%; \/* No mobile ocupa tudo *\/\n    border-radius: 8px; \/* Um leve arredondamento estético *\/\n    display: block;\n  }\n\n  \/* Desktop: Limita o tamanho para não ficar gigante *\/\n  @media (min-width: 768px) {\n    .imagem-responsiva-ad {\n      max-width: 450px; \/* Ajustei para 450px pois 300px fica muito pequeno para banner horizontal *\/\n      margin: 0 auto; \/* Centraliza a imagem no container *\/\n    }\n  }\n<\/style>\n\n<script>\n(function() {\n  \/\/ Função auto-executável para não conflitar com outros scripts do tema\n  \n  function gerarUTM() {\n    \/\/ 1. Pega o título da página\n    var artigoTitulo = document.title; \n\n    \/\/ 2. Limpeza de acentos e caracteres (Otimizada)\n    var utmCampaign = artigoTitulo.toLowerCase()\n      .normalize(\"NFD\").replace(\/[\\u0300-\\u036f]\/g, \"\") \/\/ Remove acentos de forma moderna\n      .replace(\/[^a-z0-9\\s]\/g, '') \/\/ Remove tudo que não é letra ou número\n      .trim()\n      .replace(\/\\s+\/g, '_'); \/\/ Troca espaços por underline\n\n    var utmSource = 'blog';\n    var utmMedium = 'organico'; \/\/ Pode mudar para 'referral' se preferir\n\n    \/\/ 3. Seleciona APENAS os links deste banner específico\n    var links = document.querySelectorAll('.link-imagem-ad');\n\n    links.forEach(function(link) {\n      \/\/ Verifica se o link já tem UTM para não duplicar\n      if (link.href.indexOf('utm_source') === -1) {\n        var separator = link.href.indexOf('?') !== -1 ? '&' : '?';\n        link.href = link.href + separator + 'utm_source=' + utmSource + '&utm_medium=' + utmMedium + '&utm_campaign=' + utmCampaign;\n      }\n    });\n  }\n\n  \/\/ Executa ao carregar\n  if (document.readyState === 'loading') {\n    document.addEventListener('DOMContentLoaded', gerarUTM);\n  } else {\n    gerarUTM();\n  }\n\n})();\n<\/script>","ad_top_align":"center","ad_middle_enable":false,"ad_middle_freq":9,"ad_middle_code":"<div class=\"ad-container-custom\">\n  <a class=\"link-imagem-ad\" href=\"#\" target=\"_blank\">\n    <img src=\"https:\/\/cdn.shopify.com\/s\/files\/1\/0978\/1949\/2644\/files\/AD2.png?v=1764724743\" alt=\"#\" class=\"imagem-responsiva-ad\" loading=\"lazy\">\n  <\/a>\n<\/div>\n\n<style>\n  \/* Container para garantir centralização se necessário *\/\n  .ad-container-custom {\n    width: 100%;\n    display: block;\n  }\n\n  \/* Responsividade da imagem ajustada *\/\n  .imagem-responsiva-ad {\n    width: 100%;\n    height: auto; \/* Mantém a proporção correta da imagem (1200x628) *\/\n    max-width: 100%; \/* No mobile ocupa tudo *\/\n    border-radius: 8px; \/* Um leve arredondamento estético *\/\n    display: block;\n  }\n\n  \/* Desktop: Limita o tamanho para não ficar gigante *\/\n  @media (min-width: 768px) {\n    .imagem-responsiva-ad {\n      max-width: 450px; \/* Ajustei para 450px pois 300px fica muito pequeno para banner horizontal *\/\n      margin: 0 auto; \/* Centraliza a imagem no container *\/\n    }\n  }\n<\/style>\n\n<script>\n(function() {\n  \/\/ Função auto-executável para não conflitar com outros scripts do tema\n  \n  function gerarUTM() {\n    \/\/ 1. Pega o título da página\n    var artigoTitulo = document.title; \n\n    \/\/ 2. Limpeza de acentos e caracteres (Otimizada)\n    var utmCampaign = artigoTitulo.toLowerCase()\n      .normalize(\"NFD\").replace(\/[\\u0300-\\u036f]\/g, \"\") \/\/ Remove acentos de forma moderna\n      .replace(\/[^a-z0-9\\s]\/g, '') \/\/ Remove tudo que não é letra ou número\n      .trim()\n      .replace(\/\\s+\/g, '_'); \/\/ Troca espaços por underline\n\n    var utmSource = 'blog';\n    var utmMedium = 'organico'; \/\/ Pode mudar para 'referral' se preferir\n\n    \/\/ 3. Seleciona APENAS os links deste banner específico\n    var links = document.querySelectorAll('.link-imagem-ad');\n\n    links.forEach(function(link) {\n      \/\/ Verifica se o link já tem UTM para não duplicar\n      if (link.href.indexOf('utm_source') === -1) {\n        var separator = link.href.indexOf('?') !== -1 ? '&' : '?';\n        link.href = link.href + separator + 'utm_source=' + utmSource + '&utm_medium=' + utmMedium + '&utm_campaign=' + utmCampaign;\n      }\n    });\n  }\n\n  \/\/ Executa ao carregar\n  if (document.readyState === 'loading') {\n    document.addEventListener('DOMContentLoaded', gerarUTM);\n  } else {\n    gerarUTM();\n  }\n\n})();\n<\/script>","ad_middle_align":"center","ad_bottom_enable":false,"ad_bottom_code":"<div class=\"ad-container-custom\">\n  <a class=\"link-imagem-ad\" href=\"#\" target=\"_blank\">\n    <img src=\"https:\/\/cdn.shopify.com\/s\/files\/1\/0978\/1949\/2644\/files\/AD3.png?v=1764724743\" alt=\"#\" class=\"imagem-responsiva-ad\" loading=\"lazy\">\n  <\/a>\n<\/div>\n\n<style>\n  \/* Container para garantir centralização se necessário *\/\n  .ad-container-custom {\n    width: 100%;\n    display: block;\n  }\n\n  \/* Responsividade da imagem ajustada *\/\n  .imagem-responsiva-ad {\n    width: 100%;\n    height: auto; \/* Mantém a proporção correta da imagem (1200x628) *\/\n    max-width: 100%; \/* No mobile ocupa tudo *\/\n    border-radius: 8px; \/* Um leve arredondamento estético *\/\n    display: block;\n  }\n\n  \/* Desktop: Limita o tamanho para não ficar gigante *\/\n  @media (min-width: 768px) {\n    .imagem-responsiva-ad {\n      max-width: 450px; \/* Ajustei para 450px pois 300px fica muito pequeno para banner horizontal *\/\n      margin: 0 auto; \/* Centraliza a imagem no container *\/\n    }\n  }\n<\/style>\n\n<script>\n(function() {\n  \/\/ Função auto-executável para não conflitar com outros scripts do tema\n  \n  function gerarUTM() {\n    \/\/ 1. Pega o título da página\n    var artigoTitulo = document.title; \n\n    \/\/ 2. Limpeza de acentos e caracteres (Otimizada)\n    var utmCampaign = artigoTitulo.toLowerCase()\n      .normalize(\"NFD\").replace(\/[\\u0300-\\u036f]\/g, \"\") \/\/ Remove acentos de forma moderna\n      .replace(\/[^a-z0-9\\s]\/g, '') \/\/ Remove tudo que não é letra ou número\n      .trim()\n      .replace(\/\\s+\/g, '_'); \/\/ Troca espaços por underline\n\n    var utmSource = 'blog';\n    var utmMedium = 'organico'; \/\/ Pode mudar para 'referral' se preferir\n\n    \/\/ 3. Seleciona APENAS os links deste banner específico\n    var links = document.querySelectorAll('.link-imagem-ad');\n\n    links.forEach(function(link) {\n      \/\/ Verifica se o link já tem UTM para não duplicar\n      if (link.href.indexOf('utm_source') === -1) {\n        var separator = link.href.indexOf('?') !== -1 ? '&' : '?';\n        link.href = link.href + separator + 'utm_source=' + utmSource + '&utm_medium=' + utmMedium + '&utm_campaign=' + utmCampaign;\n      }\n    });\n  }\n\n  \/\/ Executa ao carregar\n  if (document.readyState === 'loading') {\n    document.addEventListener('DOMContentLoaded', gerarUTM);\n  } else {\n    gerarUTM();\n  }\n\n})();\n<\/script>","ad_bottom_align":"center"}},"popup-newsletter-warehouse":{"type":"popup-newsletter-warehouse","settings":{"enable_popup":false,"show_side_button":false,"popup_banner":"shopify:\/\/shop_images\/Como_Fazer_Sexo_Oral_no_Homem_e_Deixa-lo_Louco.webp","popup_title_color":"#000000","popup_title":"Ganhe 10% de Desconto","popup_subtitle":"Cadastre-se e receba 10% OFF na sua primeira compra!","popup_bg_color":"#ffffff","popup_text_color":"#000000","popup_button_color":"#000000","name_placeholder":"Digite seu nome","email_placeholder":"seu@email.com","popup_button_text":"QUERO DESCONTO","popup_decline_text":"Não quero desconto","thankyou_title":"🎉 Parabéns! Você ganhou 10% OFF","thankyou_message":"Use o cupom abaixo na sua primeira compra!","thankyou_coupon":"BEMVINDO10","thankyou_button_text":"COPIAR CUPOM","thankyou_note":"*Válido apenas para primeira compra","popup_delay":8,"popup_return_days":7,"side_button_color":"#e0b074","side_button_text":"GANHE 10% OFF","side_button_position_horizontal":"left","side_button_position_vertical":"middle"}},"featured_collection_jNEtkV":{"type":"featured-collection","name":"Featured collection","settings":{"collection":"sugadores-de-clitoris","title":"Melhores Sugadores de Clitóris","products_count":12,"layout":"vertical","stack_desktop":false,"show_quick_buy":false,"link_title":"Ver todos","link_url":""}},"advanced-reviews":{"type":"advanced-reviews","settings":{"initial_reviews_limit":4,"desktop_columns":4,"card_radius":16,"primary_color":"#1a1a1a","star_color":"#c79a65","section_bg_color":"#f3f5f6","card_bg_color":"#ffffff","text_color":"#1a1a1a","border_color":"#e5e5e5","opinions_text":"opiniões","photos_title":"Todas as mídias","write_review_text":"","load_more_text":"Ver mais avaliações","show_photos_gallery":true,"show_write_review_btn":false,"show_helpful_button":false,"show_avatars":true,"padding_top":36,"padding_bottom":0}}},"content_for_index":["slideshow","collection-list","1542984811767","1542984882560","featured_collection_jNEtkV"],"blocks":{"14327677521557774844":{"type":"shopify:\/\/apps\/simprosys-google-shopping-feed\/blocks\/core_settings_block\/1f0b859e-9fa6-4007-97e8-4513aff5ff3b","disabled":false,"settings":{}}}},"presets":{"Metal":{"heading_color":"#1e2d7d","text_color":"#677279","accent_color":"#00badb","link_color":"#00badb","border_color":"#e1e3e4","background":"#f3f5f6","secondary_background":"#ffffff","error_color":"#ff0000","success_color":"#00aa00","primary_button_background":"#00badb","primary_button_text_color":"#ffffff","secondary_button_background":"#1e2d7d","secondary_button_text_color":"#ffffff","header_background":"#1e2d7d","header_text_color":"#ffffff","header_light_text_color":"#a3afef","header_accent_color":"#00badb","product_on_sale_accent":"#ee0000","product_in_stock_color":"#008a00","product_low_stock_color":"#ee0000","product_sold_out_color":"#8a9297","product_label_1_background":"#008a00","product_label_2_background":"#00a500","product_star_color":"#ffbd00","base_text_font_size":16,"heading_font":"din_next_n5","text_font":"din_next_n4","underline_links":true,"animation_image_zoom":true,"search_mode":"product,article","show_vendor":true,"show_secondary_image":true,"product_price_position":"after_title","product_image_size":"natural","show_discount":true,"discount_mode":"saving","show_color_swatch":false,"show_inventory_quantity":false,"low_inventory_threshold":0,"show_reviews_badge":false,"cart_type":"drawer","cart_empty_button_link":"shopify:\/\/collections\/all","cart_show_free_shipping_threshold":false,"cart_free_shipping_threshold":"50","share_image":"","social_facebook":"","social_twitter":"","social_google_plus":"","social_pinterest":"","social_instagram":"","social_vimeo":"","social_tumblr":"","social_youtube":"","social_linkedin":"","social_snapchat":"","social_fancy":"","favicon":"","checkout_header_image":"","checkout_logo_image":"","checkout_logo_position":"left","checkout_logo_size":"medium","checkout_body_background_image":"","checkout_body_background_color":"#fff","checkout_input_background_color_mode":"white","checkout_sidebar_background_image":"","checkout_sidebar_background_color":"#fafafa","checkout_heading_font":"-apple-system, BlinkMacSystemFont, 'Segoe UI', Roboto, Helvetica, Arial, sans-serif, 'Apple Color Emoji', 'Segoe UI Emoji', 'Segoe UI Symbol'","checkout_body_font":"-apple-system, BlinkMacSystemFont, 'Segoe UI', Roboto, Helvetica, Arial, sans-serif, 'Apple Color Emoji', 'Segoe UI Emoji', 'Segoe UI Symbol'","checkout_accent_color":"#00badb","checkout_button_color":"#00badb","checkout_error_color":"#ff0000","sections":{"header":{"type":"header","settings":{"logo":"","logo_max_width":140,"mobile_logo_max_width":100,"navigation_menu":"main-menu","desktop_navigation_layout":"inline","desktop_navigation_open_trigger":"hover","navigation_phone_number":"Call us 000-000-0000","navigation_email":"info@yourwebsite.com","search_menu":""}},"footer":{"type":"footer","blocks":{"footer-0":{"type":"text","settings":{"title":"About the shop","content":"<p>Use this text area to tell your customers about your brand and vision. You can change it in the theme settings.<\/p>"}},"footer-1":{"type":"links","settings":{"menu":"footer"}},"footer-2":{"type":"newsletter","settings":{"title":"Newsletter","subheading":"<p>A short sentence describing what someone will receive by subscribing<\/p>"}}},"block_order":["footer-0","footer-1","footer-2"],"settings":{"show_social_media":true,"show_payment_icons":true}},"slideshow":{"type":"slideshow","blocks":{"slide-0":{"type":"image","settings":{"image":"","mobile_image":"","text_color":"#ffffff","title":"Tell your story","content":"Tell your story","content_position":"bottomLeft","button_background":"#ffffff","button_text_color":"#000000","button_text":"Button","link":""}},"slide-1":{"type":"image","settings":{"image":"","mobile_image":"","text_color":"#ffffff","title":"Tell your story","content":"Tell your story","content_position":"bottomLeft","button_background":"#ffffff","button_text_color":"#000000","button_text":"Button","link":""}}},"block_order":["slide-0","slide-1"],"settings":{"edge_to_edge":true,"section_size":"preserve_ratio","cycle_speed":5}},"collection-list":{"type":"collection-list","blocks":{"collection-0":{"type":"collection","settings":{"collection":"","image":""}},"collection-1":{"type":"collection","settings":{"collection":"","image":""}},"collection-2":{"type":"collection","settings":{"collection":"","image":""}},"collection-3":{"type":"collection","settings":{"collection":"","image":""}},"collection-4":{"type":"collection","settings":{"collection":"","image":""}},"collection-5":{"type":"collection","settings":{"collection":"","image":""}}},"block_order":["collection-0","collection-1","collection-2","collection-3","collection-4","collection-5"],"settings":{"title":"Our collections","link_title":"View all","link":"shopify:\/\/collections"}},"featured-product":{"type":"featured-product","settings":{"product":"","title":"Featured product","selector_mode":"block","color_mode":"color","low_inventory_threshold":0,"zoom_effect":"outside","carousel_effect":"fade"}},"collection-template":{"type":"collection-template","settings":{"collection_image_size":"small","default_view_layout":"grid","show_quick_view":"list","show_quick_buy":"list","quick_links":"","filter_type":"tag"}},"recently-viewed-products":{"type":"recently-viewed-products","settings":{"title":"Recently viewed"}},"product-template":{"type":"product-template","settings":{"selector_mode":"block","color_mode":"color","low_inventory_threshold":0,"zoom_effect":"outside","carousel_effect":"fade","tab_page_1_handle":"","tab_page_2_handle":"","tab_page_3_handle":"","custom_security_badge":""}},"product-recommendations":{"type":"product-recommendations","settings":{}},"announcement-bar":{"type":"announcement-bar","settings":{"background":"#1e2d7d","text_color":"#ffffff","text":"Announce something here","link":"","newsletter_button":"Subscribe & Save","newsletter_title":"Newsletter","newsletter_content":"<p>A short sentence describing what someone will receive by subscribing<\/p>"}},"1542984811767":{"type":"featured-collection","settings":{"collection":"","title":"Featured collection","products_count":12,"layout":"vertical","link_title":"View all"}},"1542984842027":{"type":"newsletter","settings":{"title":"Newsletter","content":"<p>A short sentence describing what someone will receive by subscribing<\/p>"}},"1542984882560":{"type":"blog-posts","settings":{"blog":"news","title":"Blog posts"}}},"content_for_index":["slideshow","1542984811767","collection-list","1542984842027","featured-product","1542984882560"]},"Wood":{"heading_color":"#3a2a2f","text_color":"#3a2a2f","accent_color":"#ff6128","link_color":"#ff6128","border_color":"#e7e2de","background":"#f7f4f2","secondary_background":"#ffffff","error_color":"#f71b1b","success_color":"#48b448","primary_button_background":"#ff6128","primary_button_text_color":"#ffffff","secondary_button_background":"#3a2a2f","secondary_button_text_color":"#ffffff","header_background":"#3a2a2f","header_text_color":"#ffffff","header_light_text_color":"#e9e2dd","header_accent_color":"#ff6128","product_on_sale_accent":"#ee0000","product_in_stock_color":"#008a00","product_low_stock_color":"#ee0000","product_sold_out_color":"#d1d1d4","product_label_1_background":"#ff6128","product_label_2_background":"#a95ebe","product_star_color":"#ffb647","base_text_font_size":15,"heading_font":"itc_avant_garde_gothic_n5","text_font":"basic_commercial_n4","underline_links":true,"animation_image_zoom":true,"search_mode":"product,article,page","show_vendor":true,"show_secondary_image":true,"show_discount":true,"discount_mode":"percentage","product_price_position":"after_title","product_image_size":"square","show_color_swatch":false,"show_inventory_quantity":true,"low_inventory_threshold":1,"show_reviews_badge":false,"cart_type":"drawer","cart_empty_button_link":"shopify:\/\/collections\/all","cart_show_free_shipping_threshold":true,"cart_free_shipping_threshold":"50","checkout_logo_position":"center","checkout_logo_size":"medium","checkout_body_background_image":"","checkout_body_background_color":"#fff","checkout_input_background_color_mode":"white","checkout_sidebar_background_image":"","checkout_sidebar_background_color":"#f7f4f2","checkout_heading_font":"-apple-system, BlinkMacSystemFont, 'Segoe UI', Roboto, Helvetica, Arial, sans-serif, 'Apple Color Emoji', 'Segoe UI Emoji', 'Segoe UI Symbol'","checkout_body_font":"-apple-system, BlinkMacSystemFont, 'Segoe UI', Roboto, Helvetica, Arial, sans-serif, 'Apple Color Emoji', 'Segoe UI Emoji', 'Segoe UI Symbol'","checkout_accent_color":"#ff6128","checkout_button_color":"#ff6128","checkout_error_color":"#f71b1b","sections":{"header":{"type":"header","settings":{"logo":"","logo_max_width":140,"mobile_logo_max_width":100,"navigation_menu":"main-menu","desktop_navigation_layout":"inline","desktop_navigation_open_trigger":"hover","navigation_phone_number":"Call us 000-000-0000","navigation_email":"info@yourwebsite.com","search_menu":""}},"footer":{"type":"footer","blocks":{"footer-0":{"type":"text","settings":{"title":"About the shop","content":"<p>Use this text area to tell your customers about your brand and vision. You can change it in the theme settings.<\/p>"}},"footer-1":{"type":"links","settings":{"menu":"footer"}},"footer-2":{"type":"newsletter","settings":{"title":"Newsletter","subheading":"<p>A short sentence describing what someone will receive by subscribing<\/p>"}}},"block_order":["footer-0","footer-1","footer-2"],"settings":{"show_social_media":true,"show_payment_icons":true}},"slideshow":{"type":"slideshow","blocks":{"slide-0":{"type":"image","settings":{"image":"","mobile_image":"","text_color":"#ffffff","title":"Tell your story","content":"Tell your story","content_position":"bottomLeft","button_background":"#ffffff","button_text_color":"#000000","button_text":"Button","link":""}},"slide-1":{"type":"image","settings":{"image":"","mobile_image":"","text_color":"#ffffff","title":"Tell your story","content":"Tell your story","content_position":"bottomLeft","button_background":"#ffffff","button_text_color":"#000000","button_text":"Button","link":""}}},"block_order":["slide-0","slide-1"],"settings":{"edge_to_edge":true,"section_size":"preserve_ratio","cycle_speed":5}},"collection-list":{"type":"collection-list","blocks":{"collection-0":{"type":"collection","settings":{"collection":"","image":""}},"collection-1":{"type":"collection","settings":{"collection":"","image":""}},"collection-2":{"type":"collection","settings":{"collection":"","image":""}},"collection-3":{"type":"collection","settings":{"collection":"","image":""}},"collection-4":{"type":"collection","settings":{"collection":"","image":""}},"collection-5":{"type":"collection","settings":{"collection":"","image":""}}},"block_order":["collection-0","collection-1","collection-2","collection-3","collection-4","collection-5"],"settings":{"title":"Our collections","link_title":"View all","link":"shopify:\/\/collections"}},"collection-template":{"type":"collection-template","settings":{"collection_image_size":"small","default_view_layout":"grid","show_quick_view":"list","show_quick_buy":"list","quick_links":"","filter_type":"tag"}},"recently-viewed-products":{"type":"recently-viewed-products","settings":{"title":"Recently viewed"}},"product-template":{"type":"product-template","settings":{"selector_mode":"block","color_mode":"color","low_inventory_threshold":0,"zoom_effect":"outside","carousel_effect":"fade","tab_page_1_handle":"","tab_page_2_handle":"","tab_page_3_handle":"","custom_security_badge":""}},"product-recommendations":{"type":"product-recommendations","settings":{}},"announcement-bar":{"type":"announcement-bar","settings":{"background":"#3a2a2f","text_color":"#ffffff","text":"Announce something here","link":"","newsletter_button":"Subscribe & Save","newsletter_title":"Newsletter","newsletter_content":"<p>A short sentence describing what someone will receive by subscribing<\/p>"}},"1542984811767":{"type":"featured-collection","settings":{"collection":"","title":"Featured collection","products_count":12,"layout":"vertical","link_title":"View all"}},"1550833441117":{"type":"collection-with-image","settings":{"collection":"","products_count":12,"image":"","background":"#3a2a2f","text_color":"#ffffff","title":"Our best sellers","content":"Shop our most popular products for this season.","button_background":"#e95d2b","button_text_color":"#ffffff","button_text":"Learn more","button_link":""}},"1555314133560":{"type":"promotion-list","blocks":{"1555314133560-0":{"type":"item","settings":{"image":"","show_overlay":false,"stretch_image":false,"background":"#6f42ef","text_color":"#ffffff","title":"Your heading","content":"Tell more about your product, collection...","button_background":"#ffffff","button_text_color":"#6f42ef","button_text":"Learn more","button_link":""}},"1555314133560-1":{"type":"item","settings":{"image":"","show_overlay":false,"stretch_image":false,"background":"#fc2a68","text_color":"#ffffff","title":"Your heading","content":"Tell more about your product, collection...","button_background":"#ffffff","button_text_color":"#fc2a68","button_text":"Learn more","button_link":""}},"1555314133560-2":{"type":"item","settings":{"image":"","show_overlay":false,"stretch_image":false,"background":"#26c1ce","text_color":"#ffffff","title":"Your heading","content":"Tell more about your product, collection...","button_background":"#ffffff","button_text_color":"#26c1ce","button_text":"Learn more","button_link":""}}},"block_order":["1555314133560-0","1555314133560-1","1555314133560-2"],"settings":{"expand_items":false,"section_size":"medium","stack_mobile":false}},"1542984882560":{"type":"blog-posts","settings":{"blog":"news","title":"Blog posts"}}},"content_for_index":["slideshow","1542984811767","1555314133560","collection-list","1550833441117","1542984882560"]}},"platform_customizations":{"custom_css":[]}}